{
  "n_episodes": 100,
  "success_rate": 0.59,
  "collision_rate": 0.24,
  "timeout_rate": 0.17,
  "path_length_m_mean": 47.83610405025874,
  "path_length_m_std": 6.237775241986531,
  "path_efficiency_mean": 1.0089733293408996,
  "path_efficiency_std": 0.021976237515797994,
  "energy_j_mean": 1363.4420833402073,
  "energy_j_std": 180.73546030529025,
  "energy_per_meter_j_mean": 28.652622219787347,
  "energy_per_meter_j_std": 3.2416336512358335,
  "flight_time_s_mean": 9.261016949152541,
  "flight_time_s_std": 1.0344927438125713
}