{
  "n_episodes": 100,
  "success_rate": 0.74,
  "collision_rate": 0.26,
  "timeout_rate": 0.0,
  "path_length_m_mean": 49.10194707313028,
  "path_length_m_std": 6.239448326068402,
  "path_efficiency_mean": 0.9674642137639956,
  "path_efficiency_std": 0.04581829638946241,
  "energy_j_mean": 661.2892394831093,
  "energy_j_std": 138.06346186511465,
  "energy_per_meter_j_mean": 13.47739269073863,
  "energy_per_meter_j_std": 2.176091866329646,
  "flight_time_s_mean": 4.0162162162162165,
  "flight_time_s_std": 0.47048767885381504
}