{
  "n_episodes": 100,
  "success_rate": 0.99,
  "collision_rate": 0.01,
  "timeout_rate": 0.0,
  "path_length_m_mean": 47.86214125394987,
  "path_length_m_std": 5.991103577472901,
  "path_efficiency_mean": 1.0001092572568653,
  "path_efficiency_std": 0.03181009566756625,
  "energy_j_mean": 1056.2906910060424,
  "energy_j_std": 175.61503853772135,
  "energy_per_meter_j_mean": 22.072741029741206,
  "energy_per_meter_j_std": 2.472109823897875,
  "flight_time_s_mean": 7.353535353535354,
  "flight_time_s_std": 0.9538135187488733
}