{
  "n_episodes": 100,
  "success_rate": 0.57,
  "collision_rate": 0.31,
  "timeout_rate": 0.12,
  "path_length_m_mean": 49.40442330168733,
  "path_length_m_std": 6.672954602367478,
  "path_efficiency_mean": 0.9922944438161104,
  "path_efficiency_std": 0.020657037835785794,
  "energy_j_mean": 1540.8518607112621,
  "energy_j_std": 203.21533989247217,
  "energy_per_meter_j_mean": 31.35130031096473,
  "energy_per_meter_j_std": 3.2928683144072948,
  "flight_time_s_mean": 10.340350877192982,
  "flight_time_s_std": 1.2005641435800536
}