{
  "n_episodes": 100,
  "success_rate": 0.78,
  "collision_rate": 0.22,
  "timeout_rate": 0.0,
  "path_length_m_mean": 49.48044757510874,
  "path_length_m_std": 6.6521855827172525,
  "path_efficiency_mean": 0.9691344748050551,
  "path_efficiency_std": 0.06369503419427767,
  "energy_j_mean": 1092.809062595701,
  "energy_j_std": 253.85790488743854,
  "energy_per_meter_j_mean": 22.007901349281504,
  "energy_per_meter_j_std": 3.120419301895334,
  "flight_time_s_mean": 7.476923076923078,
  "flight_time_s_std": 1.5168221737907688
}