{
  "n_episodes": 100,
  "success_rate": 0.84,
  "collision_rate": 0.14,
  "timeout_rate": 0.02,
  "path_length_m_mean": 47.73257335642462,
  "path_length_m_std": 5.680012553161607,
  "path_efficiency_mean": 0.9974592986782075,
  "path_efficiency_std": 0.02916537992261634,
  "energy_j_mean": 1014.6077240382732,
  "energy_j_std": 150.42552247688198,
  "energy_per_meter_j_mean": 21.30660366807645,
  "energy_per_meter_j_std": 2.3748242253914715,
  "flight_time_s_mean": 7.152380952380952,
  "flight_time_s_std": 0.9287057289937217
}