{
  "n_episodes": 100,
  "success_rate": 0.87,
  "collision_rate": 0.13,
  "timeout_rate": 0.0,
  "path_length_m_mean": 52.077840920365254,
  "path_length_m_std": 6.221313867261123,
  "path_efficiency_mean": 0.9161600855718361,
  "path_efficiency_std": 0.06132033330796052,
  "energy_j_mean": 677.3648334910546,
  "energy_j_std": 144.3100743804018,
  "energy_per_meter_j_mean": 12.989721005784952,
  "energy_per_meter_j_std": 2.1987743168530467,
  "flight_time_s_mean": 4.2988505747126435,
  "flight_time_s_std": 0.5490837201147672
}